Metric,Value
Total Return,0.004904490863911315
Sharpe Ratio,4.32183321163101
Max Drawdown,-0.0007417493623131932
