Feature,Importance
mom_60_z,0.3298497104214933
vol_20_z,0.22826238254301395
vol_60_z,0.14123930810707022
alpha_score,0.06756175723626351
ma_dist_20_z,0.04703193661474024
mom_20_z,0.0436498195565507
rel_strength_20_z,0.04356292268632862
reversal_5_z,0.04332371998056417
mom_5_z,0.029724910783524648
high_252_signal_z,0.025118787314093494
enhanced_alpha_score,0.0006747447563569989
